id,snn,medication
1,157-21-6809,Acyclovir
2,187-75-5714,Simvastatin
3,711-63-2409,Clotrimazole and Betamethasone Dipropionate
4,353-81-9148,PERFECTION LUMIERE
5,701-16-7836,Glipizide
6,553-67-3551,sinus
7,773-14-8333,Appeal Alcohol Foaming Hand Sanitizer
8,277-28-2601,ALOMIDE
9,589-45-6139,No7 Protect and Perfect Intense Day Cream SPF 15
10,645-67-2688,Topex
11,526-52-8359,Sodium Bicarbonate
12,441-56-9090,Guiafenesin
13,626-23-7144,Mexican Tea Pollen
14,385-51-0442,good neighbor pharmacy cold head congestion
15,872-45-8420,Gas Relief
16,820-53-8077,Geodon
17,100-06-4453,FRESH AFTER VACANCE BODY SOOTHING
18,249-51-3708,ABILIFY
19,539-71-0526,Alcohol
20,108-42-8206,Lithium Carbonate
21,805-09-8657,AMOREPACIFIC
22,753-31-5961,HAMSOA ATOBY MEDI
23,129-47-5702,Acetaminophen
24,865-38-9499,Citrus Burst Antibacterial Foaming Hand Wash
25,219-39-1044,Red Maple
26,456-95-9918,Diphenhydramine Hydrochloride
27,401-13-3441,LenzaPatch
28,667-76-1627,care one ibuprofen
29,100-38-0946,Galantamine
30,483-47-4659,Acitretin
31,768-16-7759,Laura Mercier Flawless Skin Daily Face Shield SPF 40
32,465-47-4546,EXTRA STRENGTH STOOL SOFTENER LAXATIVE
33,311-58-0784,Clean and Clear Advantage 3 in 1 Exfoliating
34,496-94-6655,lubricating plus
35,839-58-7392,Eve Lom Radiance Lift Foundation SPF 15
36,403-78-8448,infants acetaminophen
37,579-58-9472,Rite Aid Original Strength Vagicaine
38,355-14-7124,Oxygen
39,121-86-5220,Metamucil
40,131-94-2676,Dove
41,601-45-8832,Treatment Set TS335823
42,245-47-4626,Quality Choice Merthiolate
43,518-91-6432,DOXOrubicin Hydrochloride
44,640-72-3201,ESIKA
45,175-09-1661,KETOROLAC TROMETHAMINE
46,747-43-6276,Medicated Apricot Scrub
47,697-28-2424,Silky Finish
48,302-25-5007,Novolin
49,330-68-2751,Prevacid
50,243-85-1050,up and up antibiotic
51,228-86-5243,CHANTIX
52,389-69-1151,Escavite D
53,648-87-6831,Dove
54,877-97-5326,ENALAPRIL MALEATE
55,181-40-2334,SBS Care
56,180-98-2653,Night Relief Cough
57,425-27-3686,Cefuroxime and Dextrose
58,602-38-0749,LOreal Paris Skin Expertise Revitalift Complete
59,742-12-8014,Ciprofloxacin
60,416-32-7978,Synthroid
61,515-88-1492,Heparin Sodium
62,431-78-9238,Beef
63,184-60-4547,DOXEPIN HYDROCHLORIDE
64,615-57-9828,Apis ex animale 3 Special Order
65,656-60-6690,Dextroamphetamine Sulfate
66,337-96-7391,Fluconazole
67,366-59-9304,Levofloxacin
68,865-94-0663,Alcohol
69,737-83-8325,Bio Rock Rose
70,491-51-9557,up and up ranitidine
71,238-39-1537,BENZTROPINE MESYLATE
72,826-38-7675,Venlafaxine Hydrochloride
73,385-59-6965,Ondansetron Hydrochloride
74,114-56-5983,Kiehls Since 1851 Activated Sun Protector for Face Broad Spectrum SPF 50 Sunscreen
75,468-57-0118,Amitriptyline Hydrochloride
76,147-24-2292,Head and Shoulders
77,484-53-4926,Duloxetine
78,807-72-0972,TOY CLEANER
79,830-01-5005,DiorSkin Nude 040 Golden Caramel
80,183-95-1313,Minocycline Hydrochloride
81,213-47-4405,Phentermine Hydrochloride
82,226-63-9959,Glimepiride
83,423-91-3709,Naproxen Sodium
84,270-23-1430,povidine iodine
85,329-83-6056,Probenecid
86,223-61-2226,Lady Speed Stick Invisible Dry Power Powder Fresh
87,382-18-0088,Aspirin
88,428-41-1953,Lidocaine
89,266-54-8709,Complete Beauty
90,813-78-7706,Tizanidine
91,540-17-1603,SHISEIDO THE MAKEUP LIFTING FOUNDATION
92,234-37-3364,Capture Hyaluronic Ampoule
93,696-37-5648,Drainage
94,689-08-5587,Secret Paris Clear
95,633-13-5661,River/Red Birch Pollen
96,359-19-0200,image essentials hair regrowth treatment
97,238-68-0996,Exuviance CoverBlend Concealing Treatment Makeup
98,539-42-4035,Acyclovir
99,203-37-2092,Notatum-Quentans
100,824-66-1929,Benicar Hct
101,311-14-0977,Octreotide Acetate
102,726-76-9652,Levofloxacin
103,726-05-3120,Rabbit Epithelium
104,501-08-6899,AZITHROMYCIN
105,518-60-0563,ciprofloxacin
106,885-64-0819,Isopropyl Alcohol
107,781-08-4371,Klor-Con
108,890-40-4290,Vinorelbine
109,617-11-6877,OptiClear
110,779-09-1800,ketamine hydrochloride
111,146-25-7993,Giorgio Armani Designer Lift Smoothing Firming Foundation Broad Spectrum SPF 20 Sunscreen
112,599-88-3310,REBIRTH HAIR
113,182-73-0592,SUTENT
114,890-71-9940,Bacitracin Zinc
115,874-28-3633,Trelstar
116,848-54-9311,FLUOXETINE HYDROCHLORIDE
117,614-22-7167,Sheer Cover Shade Adapting Mineral Foundation
118,501-22-1014,SudoGest
119,603-72-1698,Suave
120,656-49-1927,fluvoxamine maleate
121,303-98-9503,Additox
122,502-07-6063,Dr L Advanced HCG Formula
123,858-26-4613,Propranolol Hydrochloride
124,820-04-9552,Nasal Decongestant PE
125,827-45-1205,Isopropyl Alcohol
126,126-73-2682,PredniSONE
127,762-24-4431,Oxygen
128,514-55-2029,YS Solution Intensive AC Care
129,433-81-2129,Clonidine Hydrochloride
130,237-68-9722,Perioe lucky fresh - breath care
131,357-30-8453,PerioChip
132,464-78-1377,CLONAZEPAM
133,878-65-2907,IPKN HYDRO AND PORE BB 01 LIGHT
134,585-21-1473,Naproxen
135,827-57-8825,Clonidine Hydrochloride
136,806-03-2923,Prilocaine Hydrochloride
137,280-80-3153,2 in 1
138,145-27-6868,Disney Minnie Antibacterial Hand Wipes
139,363-51-5301,Sumatriptan Succinate
140,624-13-2998,Sure Conditioning Solid Pure Essence
141,481-69-6960,Old Spice High Endurance
142,312-94-2810,Zolpidem Tartrate
143,375-65-5778,DIVALPROEX SODIUM EXTENDED-RELEASE
144,128-78-1183,RISPERIDONE
145,728-28-2538,Antibacterial Hand - Witchs Brew and Scaredy Cat
146,567-72-3206,Conceptrol
147,867-92-6950,Lorazepam
148,557-58-0480,Topex
149,296-88-6293,Amitriptyline Hydrochloride
150,330-98-9449,Lorazepam
151,832-48-9456,Jantoven
152,738-10-8157,Pseudoephedrine Plus
153,424-43-4033,PureLife Topical Anesthetic
154,444-56-8936,ACACIA POLLEN
155,595-30-9680,Abacavir Sulfate
156,588-14-7706,risperidone
157,798-35-0734,Chlorpromazine Hydrochloride
158,361-30-6974,Sorbet APF
159,300-45-8204,Oxycodone and Acetaminophen
160,656-71-7607,Lamivudine and Zidovudine
161,413-90-8101,Anti-Bacterial Hand
162,340-25-2501,Treatment Set TS332287
163,749-70-2078,Solbar Fifty SPF50
164,133-21-2311,Happy Happy
165,579-90-5640,Oxymorphone hydrochloride
166,492-59-7956,SUNMARK MILK OF MAGNESIA MINT
167,697-97-3113,Tramadol Hydrchloride
168,883-80-4028,Cuprum sulfuricum 6
169,581-90-6222,Banana Boat Sport Performance SPF 15 Canada
170,488-94-4182,Levetiracetam
171,757-21-7507,Furosemide
172,513-39-3407,Natural Tan Always color stay-on Makeup Broad Spectrum SPF 15
173,191-18-3180,Medline ReadyBath Select
174,503-22-8371,PHENTERMINE HYDROCHLORIDE
175,140-76-4759,AMBROSIA TENUIFOLIA POLLEN
176,824-95-9043,Eyewash Flushing Solution
177,868-36-7848,Clorox Care Concepts Antimicrobial
178,350-34-6158,Banana Boat Kids Protect and Play SPF 85
179,204-20-7987,Direct Effect E-2
180,567-12-1285,LBEL FILLING EFFECT FOUNDATION SPF 10
181,155-49-7913,INFANTS TEETHING
182,753-33-1095,Lorcet Plus
183,564-17-0671,quinapril hydrochloride and hydrochlorothiazide
184,646-68-0849,Naproxen Sodium
185,799-95-4061,ULTRAPROTECTION
186,211-44-0145,ENALAPRIL MALEATE
187,711-39-0948,ENALAPRIL MALEATE
188,558-24-9097,Prednisone
189,525-43-2381,Childrens Ibuprofen
190,626-74-7966,Ephedrine Sulfate
191,117-78-5209,Sterile Vancomycin Hydrochloride
192,425-51-0769,Oracit
193,138-08-1690,Garnier Skin Renew Miracle Skin Perfector BB
194,784-63-5457,SmartRx Natural Pain Relief Sleeve ELBOW
195,544-02-5300,Vaccines Detox
196,756-73-2538,Isosorbide Mononitrate
197,109-78-2702,Oxaliplatin
198,866-81-0135,Russian Thistle
199,295-58-8231,BIOTENE
200,442-40-7180,Reticuloendothelial system 8 Special Order
201,594-43-3140,Bio Res Q
202,598-42-0443,Hydrocodone Bitartrate And Acetaminophen
203,190-49-1431,sunmark antacid
204,477-20-2778,Ropinirole Hydrochloride
205,528-68-0476,Health Smart Medicated Body
206,770-65-3446,Sleep-Aid
207,878-29-6932,Potassium Chloride
208,564-93-8443,Prednisone
209,172-98-3604,Budesonide
210,256-93-5041,Lab1796 Cholsterol Watch
211,458-32-4586,GEMCITABINE HYDROCHLORIDE
212,810-93-2164,2
213,528-09-6577,Vecuronium bromide
214,123-52-4727,Lisinopril and hydrochlorothiazide
215,270-89-1626,ibuprofen
216,272-60-0816,Amlodipine Besylate
217,824-65-9207,BLATELLA GERMANICA
218,461-36-6270,CANIS LUPUS FAMILIARIS SKIN
219,176-36-4189,Lamotrigine
220,144-34-8958,Fremont Cottonwood
221,478-16-9821,wasp hymenoptera venom
222,182-46-0576,BOTANICAL VANILLA MAKEUP BASE
223,276-37-5856,Rifampin
224,582-67-6332,Glipizide
225,690-28-3189,Diabetes
226,305-46-1472,Western Family Whitening Plus Minty Fresh Mouthwash Anticavity
227,147-66-5707,Montelukast Sodium
228,879-54-0338,Kit for the Preparation of Technetium Tc99m Pyrophosphate
229,388-92-8308,Clarinex
230,229-22-2967,Aveeno Active Naturals Clear Complexion BB
231,450-88-2864,Demadex
232,659-63-9541,Parrot Head Fins Up 50 Mist Sunscreen
233,118-84-3753,Hydrocodone Bitartrate and Acetaminophen
234,698-84-4738,Benzoyl Peroxide
235,347-41-3722,DAYTIME
236,497-56-4968,Fluocinonide
237,640-14-3044,ZIMS ADVANCED HYDROCORTISONE CONTINUOUS WITH ORGANIC ARNICA AND ALOE
238,855-90-9402,Norepinephrine bitartrate
239,727-42-7060,Bicalutamide
240,516-85-6697,CYZONE
241,716-38-4821,Chlorpromazine Hydrochloride
242,319-60-6267,GRANIX
243,111-12-5753,Artists Touch BB 01 Light
244,307-43-3011,FORMUCARE FIBER LAXATIVE
245,304-15-7546,Menstrual Complete
246,866-71-4671,PAUL AND JOE SILKY SMOOTH FOUNDATION UV 102
247,786-94-9803,Preferred Plus Severe Cold Cough and Flu
248,453-97-8370,SNAIL THERAPY PACT
249,880-86-8857,Prazosin Hydrochloride
250,479-53-4281,Krystexxa
251,754-96-2665,PARAID Alcohol
252,355-45-6351,All Day Allergy Relief
253,868-46-6344,Heparin Sodium
254,220-78-9082,Dendracin Neurodendraxcin
255,555-97-6440,Diabetic Tussin Expectorant
256,526-35-2823,TheraPlusPlus
257,350-58-6716,Artalgia
258,247-34-4192,Cals 40 (Number 6)
259,201-53-9266,Petroleum Skin Protectant
260,780-77-5155,INDIGESTION/GAS RELIEF
261,246-68-2213,Quinidine Sulfate
262,752-80-8427,"Pollens - Weeds, Careless/Pigweed Mix"
263,760-33-6495,Ritalin
264,472-55-5840,Doxycycline Hyclate
265,369-79-2424,Extreme HCG
266,780-29-9516,Bacitracin Zinc
267,185-06-2464,Pioglitazone and Metformin Hydrocholride
268,440-89-9445,Allopurinol
269,767-27-4641,ALTACE
270,775-27-0719,Tretinoin
271,695-18-4331,CareOne NiteTime Cough
272,661-73-7037,Arrid XX Unscented
273,360-28-1778,Gastrografin
274,359-90-5223,Speed Stick
275,169-74-8754,Cefepime Hydrochloride
276,460-77-8099,Aspergillus terreus
277,236-73-5213,NABUMETONE
278,476-74-6986,SENEXON-S
279,422-23-3377,good neighbor pharmacy tussin cf max
280,813-79-8269,Dermablend Professional SkinPerfector Blemish and Oil Clearing Primer
281,319-28-5268,simvastatin
282,542-48-3877,Leader
283,508-26-4174,Lexapro
284,242-43-3781,Sei Bella Skin Refining Tinted Moisturizer
285,806-30-2440,Cetirizine Hydrochloride
286,412-67-7717,Lovenox
287,562-90-0499,EQUUS CABALLUS SKIN
288,424-58-9120,NO-AD Sport SPF30 Continuous Mist Sunscreen
289,876-10-7039,ciclodan
290,138-25-7648,Weight Loss
291,341-75-8462,QUETIAPINE FUMARATE
292,623-67-9432,Gabapentin
293,745-78-2335,Topcare Tioconazole 1
294,505-22-6413,BiCNU
295,748-59-7891,Cold and Allergy PE
296,325-37-4922,Hydrogen Peroxide
297,800-97-0930,Furosemide
298,591-53-5924,Methylprednisolone
299,236-88-4703,Torsemide
300,435-87-0230,Mebrofenin
301,861-36-6526,No7 Beautiful Skin Oil Free Skin Protector All Skin Types SPF 25
302,860-78-8288,Rimmel BB Cream Beauty Balm Radiance
303,869-38-0929,Ondansetron
304,747-82-4994,Gabapentin
305,258-61-8224,Docusate Sodium
306,492-37-3140,Dental plus Whitening
307,668-90-7959,Aspirin
308,598-39-1796,Mary Kay Tinted Lip Balm Sunscreen SPF 15 Peony
309,185-89-2698,IRBESARTAN
310,719-04-7728,Ondansetron
311,191-13-0488,Carbidopa and Levodopa
312,706-37-1170,All Day Pain Relief
313,780-25-8177,Shang Shi Zhi Tong Gao
314,143-57-7134,Leader Antacid
315,646-76-9306,Naturals
316,116-61-1011,HAWAIIAN Tropic
317,238-08-8731,pain and fever
318,561-39-6596,Diclofenac Potassium
319,870-10-6744,Donepezil Hydrochloride
320,299-11-0565,Cladosporium herbarum
321,621-92-3946,Good Sense Gas Relief
322,192-63-9195,Aspiring
323,667-38-3405,venlafaxine hydrochloride
324,853-92-9447,equaline sinus congestion and pain
325,776-79-5785,BRAZIL NUT
326,592-43-0523,SHISEIDO ADVANCED HYDRO-LIQUID COMPACT (REFILL)
327,166-68-8200,Aveda Active Composition
328,195-07-0745,Ibuprofen
329,360-32-8871,Levetiracetam
330,769-12-0422,Labetalol hydrochloride
331,822-51-2273,risperidone
332,540-44-4046,EMBEDA
333,631-58-9987,SIMVASTATIN
334,474-92-0581,RINKEL MOLD MIX A
335,813-03-3807,Kenalog
336,782-86-0966,Scalpicin
337,611-50-4013,Aleve
338,423-97-0379,BANANA BOAT
339,467-96-2428,Lisinopril
340,260-87-6061,Dialyvite 3000
341,648-87-7491,Fluocinonide
342,806-45-0959,Fluconazole
343,784-37-7575,SERTRALINE HYDROCHLORIDE
344,708-20-6325,EQUATE
345,675-90-8118,Atenolol
346,643-20-0889,Natural Cherry Honey Herb Throat Drops
347,568-33-4120,Pericardium Triple Warmer Meridian Opener
348,601-99-3523,Terazosin Hydrochloride Anhydrous
349,727-39-3802,Number Four Mold Mixture
350,313-25-6981,PRED FORTE
351,639-57-7378,Ultra-TechneKow
352,361-10-5961,Heart Small Intestine Meridian Opener
353,442-88-4613,PRIMAXIN
354,272-79-4442,Clonidine Hydrochloride
355,197-82-3933,Vanilla Bean
356,787-81-0401,Sore Throat Menthol
357,581-28-3373,Elidel
358,197-78-5131,Levothyroxine Sodium
359,600-48-4279,Neutrogena
360,315-15-0787,SHISEIDO ADVANCED HYDRO-LIQUID COMPACT (REFILL)
361,483-73-4591,leader tussin cf max
362,240-15-8671,Pleo Reb
363,556-70-3307,Methylprednisolone
364,506-40-5285,Pain Relief PM
365,659-09-0691,Pain Relieving
366,789-48-8864,IBU
367,674-26-3206,Summer Berry Antibacterial Foaming Hand Wash
368,726-30-2556,Up and Up Bacitracin
369,537-62-0675,Risperidone
370,886-01-4009,Olanzapine
371,444-87-1999,Morphine Sulfate
372,680-13-2948,Levothyroxine sodium
373,553-78-3849,OXYGEN
374,554-14-0040,Virginia Live Oak
375,117-13-1656,VIDEX EC
376,524-10-7625,Rite Aid Instant Hand Sanitizer With Moisturizers
377,136-70-1492,Levisticum e rad. 3
378,241-68-6202,CORN FOOD
379,523-38-3223,Duloxetine
380,760-41-5900,Frova
381,247-75-9313,TechneScan MAG3
382,160-42-2156,YouGreen F
383,218-30-2442,VANICREAM
384,486-32-1505,Glyburide
385,684-63-5641,Head and Shoulders
386,638-40-2337,Synalar
387,621-06-3670,Atenolol
388,561-84-2731,Trazodone Hydrochloride
389,425-42-1190,Phenytoin Sodium
390,860-82-8171,Welchol
391,882-91-8001,Dilacor
392,224-79-9240,Hydroxyzine Hydrochloride
393,735-19-1378,Clonidine Hydrochloride
394,213-45-9559,Laura Lynn Anticavity
395,658-67-3320,Pramipexole
396,357-66-9073,Milk of Magnesia
397,839-03-3274,Scallop
398,699-21-2660,Gemcitabine
399,884-04-9152,Suboxone
400,373-70-8918,Youngevity
401,657-29-3096,Citalopram
402,265-89-0717,TIMENTIN
403,723-84-9780,Methylphenidate Hydrochloride
404,364-28-2721,Meclizine Hydrochloride
405,101-61-4488,Nicotine
406,574-55-2311,Lipotox
407,452-58-2106,Cactus Cinis Avenae
408,155-48-1451,Nitrofurantoin Macrocrystals
409,450-76-6246,Treatment Set TS339813
410,492-07-4726,Insects (whole body) cockroach mix
411,250-16-0318,TopCare Nasal Decongestant PE
412,359-47-6585,Fentanyl
413,595-95-3634,Lucky Antibacterial Hand Soap
414,161-28-2468,SPF 15 Protective Balm with UVA/UVB Sunscreens
415,194-55-6025,OXYGEN
416,106-11-2205,Throat Care
417,214-93-8694,Betaxolol
418,743-89-8117,Umcka Cherry Childrens FastActives
419,173-50-1206,Tropical Vanilla Sunscreen Broad Spectrum SPF 32
420,364-45-7106,Levonorgestrel and Ethinyl Estradiol
421,322-72-8408,Naturals Cucumber and Melon
422,241-82-0712,PHENTERMINE HYDROCHLORIDE
423,317-34-6318,Promethazine VC
424,605-70-8758,Benztropine Mesylate
425,547-22-1981,Flu Relief Therapy Night Time
426,824-44-2509,BUPROPION HYDROCHLORIDE
427,377-90-8665,Exuviance CoverBlend Concealing Treatment Makeup
428,736-33-6425,Vicks DayQuil
429,280-55-5111,Colchicum Chelidonium
430,618-61-2862,BIDEX-400
431,897-67-5636,DIDANOSINE
432,795-43-8208,equaline complete
433,274-28-5192,Melissa Cold Sore Relief
434,218-94-8869,Major Oral Pain Relief
435,573-29-0855,Childrens
436,533-56-2788,Sheep Sorrel
437,889-47-0560,Metamucil
438,418-43-0235,Zonisamide
439,217-25-1467,WSNA Hand Sanitizer
440,526-92-8778,VIRO PLUS
441,599-01-1203,Antacid
442,386-22-4089,Antiperspirant Deodorant Roll-on
443,529-27-5924,Risperidone
444,393-64-6075,Gabapentin
445,887-53-1070,Naproxen Sodium
446,699-74-1752,Systane
447,845-60-4286,MAX HYALURONIC STEMCELL BB
448,870-58-7985,metolazone
449,885-50-6774,MEDROXYPROGESTERONE ACETATE
450,744-88-4328,Klor-Con M
451,616-48-1880,Coppertone ultraGUARD
452,194-81-6691,Suboxone
453,622-56-1834,smart sense allergy
454,364-43-8307,Curvularia
455,175-30-2939,Secret
456,638-88-0439,ibuprofen pm
457,157-34-4051,PreviDent
458,198-76-7431,germstarCitrus
459,750-44-1238,Orsythia
460,622-88-4022,Norco
461,337-04-5652,Anastrozole
462,442-48-3175,Waterless Anti-Bacterial Hand Cleanser
463,125-33-9863,good neighbor pharmacy day time
464,765-63-3826,Exchange Select Kids Sunscreen
465,216-36-3448,ROPINIROLE HYDROCHLORIDE
466,408-34-8023,skin MD Natural
467,891-56-7870,Wheat Bunt
468,540-87-1685,smart sense cool heat
469,494-90-9968,Buspirone HCl
470,766-73-8298,POTATO
471,859-70-5905,LBEL Couleur luxe rouge irresistible maximum hydration SPF 17
472,465-76-9159,Temazepam
473,105-97-6716,Senna Laxative plus Stool Softener
474,391-23-9496,Hydrocodone Bitartrate And Acetaminophen
475,731-94-4238,venlafaxine
476,843-92-7041,good sense allergy relief
477,132-58-8157,Neosporin Plus Pain Relief Neo To Go
478,139-45-7893,adult severe congestion and cough
479,690-27-7910,HYDROXYUREA
480,213-57-0634,PreviDent
481,323-61-8214,No7 Radiant Glow Foundation Sunscreen SPF 15 Buff
482,682-54-9616,Quality Choice
483,750-80-7745,Jurlique Purely Sun-Defying
484,632-62-1163,up and up nasal
485,153-76-6651,Doxycycline
486,620-63-4032,esika
487,660-90-3480,AMICAR
488,769-88-7006,cephalexin
489,201-81-6794,ELYMUS REPENS POLLEN
490,112-25-0550,SnowSkin Face Sunscreen
491,625-36-5913,""
492,850-26-9503,migraine formula
493,678-62-8110,Buspirone Hydrochloride
494,273-21-2857,Ibuprofen
495,116-88-1098,Mucinex Fast-Max
496,218-48-0767,IBU
497,817-98-9142,Dextrose And Sodium Chloride
498,733-66-1100,Oregon Ash
499,831-03-8062,"Food - Plant Source, Pecan Carya illinoensis"
500,685-31-6002,Fever - Infection
501,231-08-4519,Quetiapine fumarate
502,162-36-5623,Hydrocodone Bitartrate And Acetaminophen
503,510-26-3466,ESIKA 3-IN-1 PRO MAKE UP FOUNDATION SPF 20 BASE DE MAQUILLAJE PARA ROSTRO 3-EN-1 PRO FPS 20
504,150-64-1703,gemcitabine
505,819-75-6118,Allergy
506,227-42-9609,Latanoprost
507,169-49-2896,REPAIRWEAR ANTI -AGING MAKEUP
508,611-70-7984,Allopurinol
509,554-27-8562,Metastron
510,290-23-2148,Irbesartan
511,353-97-8994,Exchange Select Sheer Dry Touch Sunscreen
512,535-57-3385,DiorSkin Nude 020 Light Beige
513,669-32-6778,Geodon
514,762-94-5912,CORYLUS AMERICANA POLLEN
515,784-57-7698,Red Mulberry
516,601-20-1600,Promethazine Hydrochloride
517,576-65-5571,Flawless Finish Dual Perfection Makeup SPF 8 Bisque
518,288-98-7867,SHISEIDO SHEER AND PERFECT COMPACT (REFILL)
519,167-75-6942,Sotalol Hydrochloride
520,410-73-0905,LBEL EFFET PARFAIT MINERAL NATURAL SKIN EFFECT MOUSSE FOUNDATION SPF 16
521,217-88-0395,Nausea
522,112-44-6450,Healthy Accents Ibuprofen
523,238-42-6588,Trazodone Hydrochloride
524,341-13-6825,One Seed Juniper
525,799-31-9449,SPAI-SONS
526,116-83-5544,Lubricant Eye Plus
527,255-19-9282,BUR OAK POLLEN
528,333-29-1447,CALENDULA OFFICINALIS
529,682-37-1380,Neutrogena Beach Defense Water Plus Sun Barrier
530,239-78-0085,Pantoprazole Sodium
531,247-69-4700,Flutamide
532,333-49-8679,amlodipine besylate and atorvastatin calcium
533,563-81-6141,Prempro
534,788-33-4820,Lice Treatment
535,663-66-7623,Scalp Dermatitis
536,528-73-5033,Quetiapine fumarate
537,171-58-5058,rexall anti diarrheal
538,236-76-5226,Ranitidine
539,779-67-9271,Acyclovir
540,746-70-2221,Magnesium Citrate
541,129-22-4877,Rosmarinus Poterium
542,530-29-7185,Right Guard Clinical Clear
543,785-49-0274,Treatment Set TS350394
544,162-54-6104,good sense cold and flu severe
545,708-10-9750,Isopropyl alcohol
546,701-63-9664,Clarithromycin
547,678-44-4777,Degree
548,809-97-1862,Amoxicillin
549,797-38-3785,Sodium Chloride
550,442-88-6475,ATORVASTATIN CALCIUM
551,469-15-0525,Flurazepam
552,316-10-0796,Lovastatin
553,258-23-7696,Extra Strength Pain Reliever
554,403-56-1263,Lisinopril
555,592-47-4055,Amlodipine Besylate
556,114-80-9939,POTASSIUM CHLORIDE
557,783-16-3721,Alcohol Prep Pad with Benzocaine
558,797-43-8670,Follistim AQ
559,509-78-2769,Doxycycline Hyclate
560,537-76-1295,Dr. Cocoa Daytime Cough and Cold
561,631-71-4926,CLADOSPORIUM CLADOSPORIOIDES
562,482-75-5236,Amnesteem
563,101-53-4450,IBUPROFEN
564,447-54-6446,Nephrocaps
565,676-47-0098,Everyday Clean Dandruff
566,633-61-3690,CLEAN IT ZERO RADIANCE
567,887-60-3918,Halls
568,238-81-4002,Humco Povidone Iodine
569,286-76-1992,Colestid
570,517-20-7617,Lubriderm Daily Moisture
571,892-03-6058,Insect Bite
572,345-19-1632,Povidone Iodine
573,587-17-0903,Clonidine Hydrochloride
574,403-88-3506,Coppertone Sport
575,495-30-9917,KETOROLAC TROMETHAMINE
576,495-20-8531,Grain Mill Dust
577,237-32-8519,Haloperidol
578,461-25-1736,BENICAR HCT
579,195-88-8524,smooth lax
580,638-72-6979,KADIAN
581,521-75-9236,Recombinate
582,836-33-9040,Be gone Warts and Tired Feet
583,843-34-6628,Naratriptan
584,325-59-2397,Neutrogena Ultra Sheer
585,168-99-4867,METFORMIN HYDROCHLORIDE
586,706-01-2416,Quinapril
587,388-85-1212,Cephalexin
588,331-26-9832,Ruby-Cell 4U Ampoule
589,374-16-8396,QCare
590,447-14-7554,"Pollens - Weeds, Careless/Pigweed Mix"
591,209-36-0458,Diazepam
592,184-55-6971,Piroxicam
593,219-36-4690,Hydrogen Peroxide
594,810-02-0045,Retin-A
595,745-44-4611,REFRESH LIQUIGEL
596,696-03-9451,SBS UltraGreen
597,532-83-1888,Herplex
598,247-83-9162,Rembrandt Canker Sore
599,238-44-8294,Cefdinir
600,331-94-4224,Dry Idea
601,235-46-2233,Neupro
602,622-35-2588,Lisinopril
603,585-90-5050,oracea
604,627-12-1883,Terrasil Anti-Fungal Treatment
605,191-58-6273,Tinted Moisturizer Matte Broad Spectrum SPF 45
606,680-65-1759,Lovastatin
607,573-59-4795,POPULUS ALBA POLLEN
608,849-04-1528,Neuro - Care
609,449-29-1828,ENDOCET
610,362-61-4414,Biofreeze
611,494-19-5392,Geodon
612,561-50-4571,Sugar Maple
613,217-26-6963,Oral Pain Relief
614,864-13-1566,Pain Relief
615,242-12-4673,Nicomide
616,444-91-0541,Corrector Light
617,126-56-3164,CEFUROXIME AXETIL
618,640-90-7364,Neurospora intermedia
619,452-40-6251,Muscle Rescue
620,486-67-1771,TAMSULOSIN HYDROCHLORIDE
621,183-74-8808,Carbidopa and Levodopa
622,674-89-1990,CEFTIN
623,264-66-0236,Idarubicin Hydrochloride
624,413-45-8156,Arizona Cypress
625,787-70-4699,HUMCO Isopropyl Rubbing Alcohol 70%
626,364-60-2254,Tamsulosin Hydrochloride
627,805-05-9520,Cartia
628,172-75-9873,LANSINOH BABY
629,381-73-3533,VFEND
630,687-99-2502,Aire-Master Sanitizer Gel vit e/a
631,238-96-6669,Acyclovir
632,760-71-1730,Acyclovir
633,811-32-9026,Antiseptic Mouth Rinse
634,570-25-2968,Lidocaine Hydrochloride and Hydrocortisone Acetate
635,620-32-7084,Duck Feathers
636,270-62-2561,Great Value Ultra Concentrated Green Apple Scent
637,458-91-6227,Good Sense Childrens Pain and Fever
638,774-17-4446,GILTUSS PEDIATRIC
639,802-44-8780,TRIPLE ANTIBIOTIC
640,655-44-2301,Hydrocodone Bitartrate and Homatropine Methylbromide
641,585-83-2923,Magnolia Blossom Scented Hand Sanitizer Anti-Bacterial
642,316-22-5157,Solar Sense Zany Zinc SPF 50 - Blue
643,878-78-3839,The Fresh Market Hand Sanitizer With Moisturizers Aloe And Vitamin E
644,349-03-8532,Black Walnut
645,133-30-2442,Sunmark Urinary Pain Relief Maximum Strength
646,475-02-6875,topcare tussin CF
647,860-06-7450,TYLENOL COLD MULTI-SYMPTOM DAYTIME
648,150-48-9983,Heparin Sodium
649,506-44-8784,PERCOCET
650,138-89-5239,Wal-dryl
651,451-09-0730,Furosemide
652,319-12-5801,Migraine
653,137-32-1345,Laxative
654,800-08-9175,Levothyroxine Sodium
655,693-94-7487,Bumooly-S
656,454-88-0355,Metformin Hydrochloride
657,503-02-9974,ILEVRO
658,326-01-1998,Vistide
659,654-94-2404,Q Tussin DM
660,183-37-9729,Disopyramide Phosphate
661,195-20-1171,Bupropion Hydrochloride
662,703-61-7557,Antiseptic
663,651-86-4673,The Cover Classic Foundation
664,668-28-8345,VYTORIN
665,820-60-2504,Cardizem LA
666,131-20-6903,Dicyclomine Hydrochloride
667,312-54-1517,Pepper Tree
668,881-55-6793,Topical 60 Sec Sodium Fluoride
669,734-45-2156,daytime severe cold and flu relief
670,171-58-7381,Therapeutic T Plus
671,356-82-6820,"carbidopa, levodopa and entacapone"
672,301-43-9994,Naltrexone Hydrochloride
673,740-58-7627,Oxygen
674,111-18-5700,Hydroxyzine Pamoate
675,856-43-7435,Gleevec
676,444-43-9290,Modafinil
677,231-21-4587,Phenobarbital
678,505-70-7298,Fluoxetine
679,525-17-7163,Euphrasia Officinalis Kit Refill
680,599-40-7618,CRESTOR
681,347-24-8049,HYDROCODONE BITARTRATE AND ACETAMINOPHEN
682,268-68-3312,Asthma Complex
683,313-69-7883,Appetite - Craving Control
684,604-76-4472,Mary Kay Blemish Control Toner
685,740-91-9644,Clonidine Hydrochloride
686,674-47-5358,Simple
687,181-68-4521,Tarceva
688,475-85-9909,Tretinoin
689,216-33-0240,Finafta
690,647-36-9320,GEODON
691,197-59-9075,Western Family Baby Broad Spectrum Sunscreen
692,659-65-6074,Lorazepam
693,360-54-2488,Good Sense Acid Reducer
694,561-87-9701,Olanzapine
695,242-83-7075,Ear Formula
696,736-65-9880,Medical Provider Single Use EZ Flu Shot Kit
697,379-32-1742,Simvastatin
698,459-05-5230,Double T
699,813-36-4211,Epstein Barr Virus Remedy
700,423-72-4376,Oxygen
701,185-78-3726,Zolpimist
702,816-71-9421,PRAMIPEXOLE DIHYDROCHLORIDE
703,705-09-0906,Lamotrigine
704,226-79-1268,BUDEPRION
705,602-01-1589,BACITRACIN
706,224-11-7981,cold
707,107-54-8471,Loneliness and Sadness
708,846-12-7356,Synthroid
709,391-82-6723,Hydralazine Hydrochloride
710,753-10-7441,Psoriasis Skin Cream
711,835-98-6885,PASPALUM NOTATUM POLLEN
712,641-56-8440,Digoxin
713,551-32-4329,American Cockroach
714,406-99-7551,Rx Act Heartburn Prevention
715,218-68-4661,Estradiol Valerate
716,430-92-2130,AMBROSIA TRIFIDA POLLEN
717,764-49-9831,Trout
718,290-79-8043,WESTERN FAMILY DIAPER RASH
719,619-28-5681,bethanechol chloride
720,531-98-9625,moisturising sunscreen
721,628-54-7442,OFFECTS TE-PADS ACNE PORE TREATMENT SYSTEM
722,640-19-1226,Temazepam
723,549-25-3087,Xyrem
724,358-03-2839,MAXALT
725,881-79-3478,Propranolol Hydrochloride
726,500-05-5427,Temovate
727,785-66-2090,Aurum Equisetum B
728,416-32-2691,SINGULAIR
729,132-20-8979,Dial Aloe Antibacterial Soap
730,634-50-1462,Atorvastatin Calcium
731,445-01-0302,Tag Alder
732,275-20-1850,COREGCR
733,785-25-2448,Hydrochlorothiazide
734,139-53-5033,SYMPHYTUM OFFICINALE
735,554-94-9406,Amlodipine and Benazepril Hydrochloride
736,456-70-4067,Flawless Finish Bare Perfection Makeup SPF 8 Ivory
737,738-70-4203,Nitrofurantoin Monohydrate/ Macrocrystalline
738,807-09-0103,AtoQ30 Solution
739,142-01-0782,Livalo
740,570-82-9628,Piperacillin and Tazobactam
741,216-66-0511,Lomedia 24 Fe
742,235-34-1477,misoprostol
743,266-94-5695,Lisinopril
744,151-40-0130,Diazepam
745,740-24-8781,Drainage
746,889-54-9072,Ulta Sparkling Lemon Anti-Bacterial Deep Cleansing
747,675-29-5372,Acetaminophen
748,741-97-6464,Corn Grain
749,594-56-6944,Cyclafem 1/35
750,327-40-9844,Aldex CT
751,228-21-4723,Nicotine
752,400-17-5037,Bamboo Sap Patch
753,832-75-3119,ShopRite Childrens Allergy
754,865-46-7647,BabyB BabySaver
755,487-99-5684,LEVOFLOXACIN
756,556-08-3991,Rhus tox. 1 Special Order
757,121-60-3747,ACETAMINOPHEN AND CODEINE PHOSPHATE
758,731-90-9971,Sotalol Hydrochloride
759,630-96-8461,Chan Yat Hing She Kun Wool Lok Medicated Oil
760,628-91-8606,Timeless
761,242-29-1174,ENALAPRIL MALEATE
762,827-60-1286,White Poplar
763,134-83-3997,BLUMJK PAIN RELIEF
764,712-58-2293,VICODIN
765,133-51-8565,Extra Strength Gas Relief
766,245-25-2012,Aspirin
767,196-28-6454,Meclizine Hydrochloride
768,400-57-2932,Banzel
769,530-41-8901,HAND SANITIZER
770,422-13-8327,Ultracare Anesthetic
771,350-83-0383,Quetiapine fumarate
772,367-07-0158,Atenolol
773,661-10-1684,Atenolol
774,355-25-0106,Bite Beauty SPF 15 Sheer Balm
775,825-31-1713,Levoxyl
776,482-66-8114,Hackberry Pollen
777,258-34-2077,Xopenex
778,248-50-9965,Marcaine with Epinephrine
779,774-04-7262,Nighttime Cold and Flu Relief
780,827-13-6533,Dilantin
781,339-77-3143,Benztropine Mesylate
782,312-87-9140,Bisoprolol Fumarate
783,331-68-6656,Aruba Aloe Very Water Resistant Sunscreen
784,476-97-6955,Isoniazid
785,846-75-0856,Sertraline Hydrochloride
786,748-60-9264,One Seed Juniper
787,244-40-3107,SPINACH
788,199-45-2513,"Pollens - Trees, Ash, White Fraxinus americana"
789,110-24-8269,Fresh Morning Bifidus
790,331-16-2963,Hamster Epithelium
791,605-41-5895,Triamterene and Hydrochlorothiazide
792,782-92-5014,Gabapentin
793,860-15-9374,Maximum Strength Original Diaper Rash
794,598-68-7709,Tretinoin
795,400-31-2196,Lamotrigine
796,531-56-6855,Real Deal Foundation
797,793-96-9495,Bio Mimulus
798,147-48-4421,Tusnel
799,647-98-8462,LOXITANE
800,225-42-3925,Firebush/Burning Bush
801,754-88-4113,"Standardized Mite, Dermatophagoides pteronyssinus"
802,807-08-7168,Oral Saline Laxative
803,520-09-0002,Enalapril Maleate
804,247-37-0344,Purminerals 4 in 1 Makeup SPF 15 Light
805,173-54-7618,Valsartan and hydrochlorothiazide
806,526-74-0961,Diclofenac Potassium
807,164-08-9691,Eczema Skin Eruptions
808,721-62-5730,Echinacea Ang Kit Refill
809,218-40-6434,HAWAIIAN Tropic
810,103-32-0403,LE TECHNIQ
811,266-08-9246,Trandolapril
812,796-89-3826,Womens Laxative
813,798-68-5908,lice treatment
814,603-04-3705,Rodan and Fields
815,368-80-6727,Badger Damascus Rose Broad Spectrum SPF 20 Face Sunscreen - Sheer Tint
816,705-41-1749,Pain Relief PM
817,768-82-2115,Escitalopram
818,289-76-4382,Ketorolac Tromethamine
819,215-50-2696,Leader Pain Reliever
820,810-36-1270,Broad Spectrum SPF 70 Sunscreen
821,333-18-8814,Ranitidine Hydrochloride
822,772-10-8644,Neutrogena MoistureShine SPF20
823,698-66-0305,COUMADIN
824,197-78-3101,Magnesium Oxide
825,661-30-0864,Clearskin
826,585-07-7134,Lisinopril
827,739-16-8254,DUAL ACTION CHERRY COUGH SUPPRESSANT ORAL ANESTHETIC
828,478-28-8528,Diphenoxylate Hydrochloride and Atropine Sulfate
829,753-09-2451,White Ash
830,337-18-6560,Oxygen
831,564-55-1691,Atenolol
832,824-99-6088,DOCUSATE SODIUM
833,274-31-5912,Amoxicillin and Clavulanate Potassium
834,651-88-5158,Sodium Chloride
835,671-27-2166,Gillette Clear
836,525-82-8810,flu and severe cold and cough
837,140-96-6378,Childrens Loratadine
838,548-28-3976,Roxicet
839,779-21-4116,Meijer Nighttime Severe Cold and Cough
840,208-73-6048,Terrasil Jock-Itch Treatment
841,861-18-9971,SUPER ORIGIN CERAMIDE BB
842,279-06-2717,Triamcinolone Acetonide
843,270-26-3715,TOPROL
844,728-39-0716,Nifedipine
845,334-47-3681,Alendronate Sodium
846,548-65-7172,Senna
847,767-24-7663,Kiehls Since 1851 Dermatologist Solutions Super Fluid UV Defense
848,371-91-3221,Metoprolol Tartrate and Hydrochlorothiazide
849,233-57-0251,3D Lifting
850,274-66-6858,Nicotine
851,155-97-6782,Nicorette
852,693-51-6786,SUPREME 1ST ESSENCE
853,296-01-0864,Gabapentin
854,173-84-4777,Amiodarone Hydrochloride
855,740-17-0136,Lotrel
856,174-04-8623,XIFAXAN
857,665-34-5808,Bengay Pain Relieving
858,806-23-9425,"PHOENIX HEALTHCARE SOLUTIONS, LLC"
859,486-79-0331,Pramipexole Dihydrochloride
860,363-82-5360,Nystatin
861,599-07-1575,HERBAL HEAT
862,235-28-1687,The Cover Classic Soft Foundation
863,390-14-4659,Organic Wear CC Cream
864,507-93-0238,Se-Care Chewable
865,264-28-1640,Hydrocortisone Butyrate
866,768-18-6440,Primidone
867,846-79-3376,DIARRHEA
868,308-03-1115,FAMOTIDINE
869,723-06-7501,Metformin Hydrochloride
870,782-14-8175,Oxaprozin
871,539-42-7502,Frankincense and Myrrh Neuropathy
872,190-65-9573,Coppertone Kids Sunscreen
873,593-62-4111,Exuviance Intense Lightening Complex
874,295-68-2664,Manefit Bling Bling Whitening Platinum Hydrogel Mask
875,309-89-7443,"Pollens - Trees, Mulberry Mix"
876,286-89-3369,Haddock
877,759-83-2696,Ibuprofen
878,746-72-7215,VP-ZEL
879,688-76-9078,Risperidone
880,628-56-4359,Clobetasol Propionate
881,409-46-0856,Leukotrap - CP2D Solution
882,402-29-7001,PLUM
883,227-33-3879,Olanzapine
884,317-78-2202,Lima Beans
885,690-41-6451,health mart childrens pain and fever
886,579-79-4481,Infergen
887,154-53-4764,ADVANCED CELL BOOSTING EX DAY
888,479-64-2146,Halls
889,758-47-1277,Alprazolam
890,458-48-3137,05 Moisture Foundation SPF 15
891,665-64-6650,AFLURIA
892,839-68-5173,Maalox Antacid
893,800-47-0229,PLAGENTRA BABY SUNCITY
894,362-81-0480,Maxidex
895,214-95-3752,good sense pain relief
896,343-52-7391,Fluorouracil
897,527-90-9059,Ergocalciferol
898,607-49-1735,Multi Vitamin with Fluoride
899,501-47-6126,Aspirin
900,705-22-2039,morphine sulfate
901,260-05-9788,By Nature Daily Face Sunscreen
902,316-72-8673,Arrid XX Extra Extra Dry
903,148-39-8883,"Levomefolate Calcium, Acetylcysteine, Mecobalamin and Algal"
904,138-84-1458,Zyprexa
905,669-43-8402,Horse Epithelium
906,253-87-6090,Ibuprofen
907,363-82-3476,Reprexain
908,635-73-4686,SHISEIDO SUNCARE EXTRA SMOOTH
909,249-42-8430,risperidone
910,475-73-5130,Nifedipine
911,415-46-5214,Kendall Moisturizing
912,438-88-3706,ETODOLAC
913,418-82-6361,Antibacterial
914,524-33-6417,Verapamil Hydrochloride
915,449-20-6642,Levemir
916,227-12-0441,SECRETIPSS SCALP HAIR ESSENTIAL BOOSTER
917,222-17-4667,Verapamil Hydrochloride
918,876-84-6825,Diphenhydramine Hydrochloride
919,714-71-7214,Atenolol
920,470-58-1075,Allscale
921,503-94-9088,Poison Oak Ivy
922,326-04-2745,SENNA
923,508-17-2824,Saline Laxative
924,596-58-4878,Health Mart Cough DM
925,687-23-3836,Sumatriptan Succinate
926,784-55-7028,POPULUS ALBA POLLEN
927,362-60-9530,IMADA RED FLOWER ANALGESIC
928,269-66-1897,Tizanidine Hydrochloride
929,799-19-7745,Health Mart Naproxen Sodium
930,541-53-9551,Calmoseptine
931,285-89-9558,Topcare Fiber Laxative
932,731-20-2613,NITROGEN
933,623-21-0786,Childrens Ibuprofen
934,325-69-6044,RITUALS Active Firming Day sunscreen broad spectrum SPF 15 dry skin
935,793-62-5324,ESSENTIAL SOLUTION COENZYME Q10 MASK SHEET
936,655-50-6813,Atenolol
937,473-65-1193,Pramipexole Dihydrochloride
938,267-21-7630,Aveeno Protect Plus Hydrate Sunscreen
939,539-39-3057,"Standardized Grass Pollen, Fescue, Meadow"
940,406-72-0614,Total Body Detox
941,411-28-7524,MARCS
942,207-21-8488,POPULUS DELTOIDES POLLEN
943,740-61-6388,Fluoxetine
944,389-41-9450,Gabapentin
945,466-52-1848,Kit for the Preparation of Technetium Tc99m Disofenin
946,183-16-3743,DILANTIN
947,854-71-3233,Nighttime Sleep Aid
948,113-57-1055,Anti-Bacterial Hand
949,272-13-3531,Humco Castor Oil
950,449-59-4929,Milk of Magnesia
951,586-31-8398,Health Mart nicotine polacrilex
952,499-55-2230,Oxygen
953,443-56-9215,CLINIQUE
954,622-54-3657,Fluorouracil
955,720-19-9232,Nardil
956,340-90-8519,MECLIZINE HYDROCHLORIDE
957,836-97-4564,Heparin Sodium in Dextrose
958,250-88-2368,Non Drowsy Day Time
959,835-01-1188,SYLATRON
960,764-58-3585,RITUALS broad spectrum SPF 15 sunscreen matt finish foundation SHADE 12
961,662-14-1011,oxacillin
962,656-72-5001,Chlordiazepoxide Hydrochloride
963,787-98-2399,Atenolol and Chlorthalidone
964,426-89-4037,good sense tussin
965,313-70-0650,WYANDOTTE SANIFECT E2
966,205-18-3041,Quinapril Hydrochloride
967,770-12-6632,AMITRIPTYLINE HYDROCHLORIDE
968,782-89-6207,Promethazine with Codeine
969,580-58-7774,benzonatate
970,161-13-0974,Multi-Vitamin With Fluoride
971,373-35-6762,Neutrogena MoistureShine SPF20
972,865-40-4962,Red Cedar Pollen
973,875-41-2465,Witch Hazel
974,114-85-6644,PediaCare Infant Fever Pain Reliever
975,452-50-2490,Adoxa
976,409-39-2373,Fluconazole
977,867-71-4963,CAREONE
978,842-48-5853,Amlodipine Besylate and Benazepril Hydrochloride
979,461-45-4109,Arnica e rad. 20
980,603-99-6150,Prednisone
981,379-65-9597,Mirtazapine
982,831-74-7927,SIMPLY RIGHT
983,792-53-2584,Envirostat
984,514-14-0725,Desert Essence Dont Be Rash Diaper Cream
985,759-49-7977,Propranolol Hydrochloride
986,241-14-1793,quetiapine fumarate
987,608-06-4153,Ramipril
988,552-05-3909,Sumatriptan Succinate
989,627-43-7809,Topcare Ibuprofen
990,860-95-7971,clearskin
991,758-77-1606,Prochlorperazine Maleate
992,182-32-7144,MARCS
993,230-75-7378,stila CC color correcting broad-spectrum SPF 20 05 RICH MEDIUM
994,187-67-8249,Meijer
995,527-50-7698,Isopropyl Alcohol
996,539-16-7941,Alcohol Free Foam Sanitizer
997,854-42-9691,BENZOYL PEROXIDE
998,638-56-0881,Kadian
999,407-63-6399,Pleo Fort
1000,456-69-5838,BLACK WALNUT POLLEN
